species,island,culmen_length_mm,culmen_depth_mm,flipper_length_mm,body_mass_g,sex
Gentoo,Biscoe,34.30642800569516,18.407233626940013,223.2153447163396,3329.573173833454,FEMALE
Adelie,Biscoe,46.524063213182,15.282350080938942,219.54959860693964,5780.65413206083,FEMALE
Gentoo,Dream,43.385912742215694,18.425647906036737,218.6117957421166,3517.846405284654,FEMALE
Gentoo,Biscoe,59.11541196498668,17.635877189613186,189.9760692067844,5713.348050874584,MALE
Adelie,Torgersen,35.18106980962144,19.650701319269608,176.7742377000239,3705.393918435878,FEMALE
Adelie,Torgersen,43.041028973757896,13.99863736614645,195.7758305471445,5014.374876211347,MALE
Gentoo,Torgersen,58.760436915072646,19.492634381017037,182.237946384204,5198.942064635392,FEMALE
Chinstrap,Dream,55.90144596208446,17.646639260879326,213.00211424524525,4545.55711132219,MALE
Gentoo,Biscoe,54.5694819511052,21.189132832415552,192.41988386572933,3799.118436108232,MALE
Gentoo,Torgersen,39.192327743735845,15.971726194724962,229.56100185073495,3465.519754935946,MALE
Gentoo,Dream,36.79940865322681,18.41402390232516,209.81735256337456,2819.4816764247344,MALE
Gentoo,Biscoe,50.48768854792185,20.929036086284142,220.5263532544273,3794.207044466606,MALE
Adelie,Dream,57.65783970100861,13.961081715121706,179.81895569176905,5051.386045912619,FEMALE
Gentoo,Torgersen,47.41097955788307,20.972719292786188,222.85885445408476,6077.897346414537,FEMALE
Chinstrap,Torgersen,47.819348960422246,18.878240067326832,226.44267424029027,5836.336136146987,FEMALE
Adelie,Torgersen,39.799425075657815,13.669831296483444,200.73665321031723,5457.83319552709,MALE
Chinstrap,Dream,53.26105566277826,15.628093962353256,207.76892332730768,5538.410435711876,FEMALE
Chinstrap,Dream,37.24370308533189,19.048645544620364,217.12377825327675,5093.945652513583,MALE
Chinstrap,Torgersen,41.001179001116704,13.665745052337682,182.31547900836435,3637.032687237611,MALE
Chinstrap,Dream,43.799502061951465,17.990231865480695,201.6513985113431,5965.902110540987,FEMALE
Adelie,Torgersen,46.05928541382252,16.005417678404836,195.5211186385665,5114.636322861003,FEMALE
Adelie,Torgersen,38.76626764141471,18.315690349246808,180.6360655375727,4717.586271529584,MALE
Chinstrap,Biscoe,35.2580126803281,13.484233084025108,193.6845309152004,3099.562089168532,MALE
Chinstrap,Dream,48.8920511671449,20.42090917167996,176.02216625374413,4309.399957703132,FEMALE
Adelie,Torgersen,40.03734021410703,21.277307341090136,173.52290251001972,4357.289776326935,FEMALE
Adelie,Torgersen,48.08405108912184,21.238573984399807,179.97481106013456,5812.428994281612,FEMALE
Adelie,Dream,36.34497467004056,19.39707538664057,228.82379158376125,4667.933592676039,FEMALE
Gentoo,Biscoe,45.33135280100748,14.192724417097308,204.422242617806,4069.441976293475,MALE
Gentoo,Biscoe,46.74620939516861,19.46941084580379,228.98350750804,6216.481182638374,FEMALE
Gentoo,Torgersen,33.52514726261674,13.306530098253932,197.5173748214778,3098.5941359747367,FEMALE
Chinstrap,Dream,41.356617650332815,13.285837832843576,190.3971518520303,4221.174341923001,FEMALE
Gentoo,Biscoe,35.796403615821795,15.818325840856147,201.8623699075744,2851.288830617059,MALE
Chinstrap,Dream,33.84281168800111,17.20460279939919,197.9311896293417,5363.65483476095,MALE
Chinstrap,Dream,59.32390639072349,19.571422309585465,178.2342163714429,6005.075587916943,MALE
Gentoo,Torgersen,40.96473073680488,18.83968116349464,209.80875256672215,3708.134386381762,MALE
Chinstrap,Biscoe,54.37154726100246,16.845582733564687,184.7462527680664,5790.030036476835,FEMALE
Gentoo,Torgersen,39.10261800600351,15.398463996765994,208.55568933897197,3751.985629662832,MALE
Gentoo,Biscoe,50.84132486115806,21.475845801324773,210.36186445149104,5978.772581918094,FEMALE
Adelie,Biscoe,53.00626614696638,16.679922938782173,180.96946633459024,5414.262852948423,FEMALE
Gentoo,Biscoe,48.48006536671572,16.891651004369272,175.61962799952943,5597.66439662918,FEMALE
Adelie,Biscoe,45.06834518512936,14.47444009801002,218.06493357803797,2764.823600161636,FEMALE
Gentoo,Biscoe,43.425625139049885,19.776400209499407,199.12822500238988,6166.117285466493,MALE
Gentoo,Dream,41.69387732993237,18.926930696564504,175.43166393482306,5316.015571453164,MALE
Adelie,Torgersen,57.662051466815214,14.954464747425586,230.69711271301625,3797.10394339008,MALE
Adelie,Dream,54.94203371416255,13.792000783173078,175.40905309878562,5685.820793491849,FEMALE
Gentoo,Biscoe,58.6382400433291,18.81619413742759,213.00707850265465,3713.476314293748,FEMALE
Chinstrap,Torgersen,35.51817364585248,18.597894199961537,230.0370565905414,5841.91382243806,FEMALE
Adelie,Biscoe,52.19885556810021,15.395380026784958,186.1116261487396,3105.289405482973,FEMALE
Chinstrap,Torgersen,57.90436256257854,21.087253922903447,180.39271275254455,5233.269518858864,FEMALE
Chinstrap,Dream,37.08390931955566,14.368886290959562,179.1617114259233,4646.514515921677,MALE
Chinstrap,Torgersen,33.92864735258638,16.731612328757855,189.89323370648813,3047.524092703587,FEMALE
Adelie,Torgersen,52.48081785547663,21.02637372940783,177.96170284962815,3570.81778173182,MALE
Chinstrap,Torgersen,47.89801061244758,16.625709462179426,212.83751915995376,2744.654530598333,FEMALE
Adelie,Torgersen,55.250291360852486,18.46361796037832,175.6752160896737,4387.564675672221,FEMALE
Chinstrap,Torgersen,35.943740357222964,16.439792942887472,202.0559055608376,3784.5549387360015,MALE
Gentoo,Biscoe,53.96985107614698,15.403407699728827,230.8051143773256,4854.086943471932,MALE
Gentoo,Torgersen,37.64475130131298,21.36541224286256,220.0242459008551,3770.056107751022,FEMALE
Adelie,Torgersen,36.60053842880688,16.53840565304636,208.29794685562965,3779.708801425145,FEMALE
Gentoo,Dream,36.61730944310231,20.610433310904728,190.0689636264101,5375.495515433772,FEMALE
Gentoo,Torgersen,54.50080480636301,15.031618689485123,208.8098543412067,2873.3142095220724,FEMALE
Chinstrap,Dream,50.39292356914551,14.8900795138107,203.09544637078744,5950.421982691154,MALE
Adelie,Biscoe,46.48429918115078,13.361526296229895,197.1389196495319,5768.149947808253,FEMALE
Chinstrap,Torgersen,41.96783831339632,18.574001333157437,179.71191222767175,5104.096859615063,MALE
Chinstrap,Dream,56.22301487236048,16.195621287279593,224.30964869918756,4835.597652386583,FEMALE
Chinstrap,Dream,42.89224045412247,20.360609298652957,198.537294280458,5912.288993302748,MALE
Chinstrap,Biscoe,54.55648458546837,17.07496321620908,183.48272819742516,3367.188646303372,MALE
Chinstrap,Torgersen,44.176209985681005,21.232824794483665,193.69780170176008,2984.2889838869837,FEMALE
Chinstrap,Torgersen,42.46597180918496,14.658414331906217,196.43365539920669,3562.236611674337,MALE
Chinstrap,Dream,44.82369410591418,20.39643461082713,220.8247358384456,5560.481803320685,FEMALE
Adelie,Torgersen,40.38789153951391,19.62341356345063,215.28324845312272,2824.81296021534,MALE
Gentoo,Dream,52.65925795484691,19.57574349501004,217.38898872483904,4798.104606300563,FEMALE
Chinstrap,Torgersen,45.924810727543175,20.196179116181856,172.65084460129015,6283.575058288716,MALE
Chinstrap,Dream,38.48584911653748,19.49260152392119,196.55308589260596,5780.505937815142,FEMALE
Chinstrap,Torgersen,56.83830076505063,18.36025070170389,200.3993049464841,4577.204480556922,FEMALE
Chinstrap,Biscoe,42.65700858776332,14.202456972532056,173.13234433256034,2929.1072734319123,MALE
Chinstrap,Torgersen,47.04770368063469,13.373219907726517,187.328979315957,5692.944651788555,MALE
Chinstrap,Torgersen,57.02798305152504,20.83512192165177,216.85709956420595,4856.322629437958,MALE
Gentoo,Biscoe,49.26654488763478,18.2798626419742,180.08947263801093,3113.758789414441,MALE
Gentoo,Torgersen,35.31469611948001,19.79091324419988,203.5832977557029,3037.8862253640823,FEMALE
Chinstrap,Biscoe,57.94538339937057,17.14478775270542,184.69691044901705,5974.656549971733,MALE
Gentoo,Torgersen,49.36197145946399,14.085388787284112,172.7151257039897,5109.120946577083,FEMALE
Adelie,Dream,41.30990440306987,14.151560654501424,186.2308859983729,5685.43247754032,MALE
Chinstrap,Dream,35.92998199824315,18.85874841272336,229.5765515396932,5864.3240410161625,FEMALE
Adelie,Torgersen,53.93569270493314,16.714569517155486,219.2906896010964,4758.38046737396,FEMALE
Adelie,Torgersen,49.15200078803412,14.784407704282827,228.61502201494096,4562.806866318148,FEMALE
Chinstrap,Torgersen,46.77018002934884,17.22939419262807,200.78338859165535,4249.538677155565,FEMALE
Gentoo,Dream,56.68204603390134,13.639355071431126,178.4744357219727,3841.0077160480296,MALE
Adelie,Torgersen,53.7864233086746,17.988559776080947,204.32960984944788,4264.545459091362,MALE
Chinstrap,Dream,36.27105919265066,15.35954459725482,198.8082627390377,5485.966760628563,FEMALE
Adelie,Biscoe,40.672356864377576,19.799496445352386,221.8170678816373,4866.924351654474,MALE
Adelie,Dream,38.93345134489781,15.70704045495802,177.78687226627042,5913.083843837446,MALE
Adelie,Dream,52.558523045748615,16.92384925228713,200.8062270842849,4296.168051765076,FEMALE
Adelie,Biscoe,33.022141955233934,13.197612535228044,180.85287121694503,4885.5224833875145,MALE
Gentoo,Dream,47.7719663339612,13.708553857474294,191.15587968651357,4972.70719113116,MALE
Adelie,Torgersen,53.06761385786899,16.39694587381615,215.50406756588015,4830.109784302772,MALE
Adelie,Torgersen,56.21105501094812,17.131486211623837,200.0850696327572,5229.48158310786,FEMALE
Adelie,Dream,41.50724808968746,18.14017260420215,194.1774088236004,3554.760486149303,MALE
Gentoo,Torgersen,54.68457587848036,15.549965661158147,195.27410043563208,4544.509599164847,FEMALE
Adelie,Dream,35.1423727662682,18.93784784346296,199.1073593359532,3075.209290110052,MALE
Adelie,Torgersen,55.37743802269925,20.32502813638932,218.31597608638637,4084.240779521325,MALE
Gentoo,Torgersen,35.60593821412952,19.650748306704138,224.63299664747385,4455.601447036552,MALE
Gentoo,Dream,43.0254004904101,13.4327981329262,228.36474650373177,5048.007334363701,FEMALE
Gentoo,Torgersen,54.02562255893773,17.13625835696576,218.4272997890624,6121.911789310332,FEMALE
Adelie,Dream,36.22272925209128,13.98141349871267,190.60900684913275,4862.343839574081,MALE
Gentoo,Torgersen,38.40441336889764,15.13317813324523,212.599947659106,5376.938098235615,FEMALE
Gentoo,Torgersen,51.961945630809325,21.38796578344403,197.81858431926813,4522.55781418273,MALE
Adelie,Biscoe,51.90100475501704,14.29696256037271,187.025566700717,4982.774512954793,FEMALE
Gentoo,Biscoe,49.73155990434567,17.290660488991392,221.61142318612943,2955.3559780815845,FEMALE
Adelie,Dream,51.18358222284525,18.2925081682722,174.26715458877715,3615.809691030649,MALE
Chinstrap,Biscoe,47.024922192058895,19.000705752570475,225.20395753599,4002.6711355385,MALE
Gentoo,Dream,39.0244741199412,17.801048941290077,199.22717041285927,4400.976078023449,MALE
Chinstrap,Biscoe,41.60663982135779,13.182075118321142,209.59488713168852,2864.3354838085816,MALE
Adelie,Torgersen,37.09393721203921,15.842274989249532,210.9018814101412,3204.086751191944,FEMALE
Gentoo,Dream,57.08239043667479,17.448777804431575,224.81194670168568,3696.5315080487007,FEMALE
Adelie,Dream,48.14327435606832,13.8380785928166,209.5635112478652,6197.517687243782,FEMALE
Chinstrap,Torgersen,43.1234139610001,16.045266222157117,208.22208150084364,3892.849225570983,MALE
Adelie,Dream,44.80515960021365,13.37890611384748,175.9324703930807,4435.347809203497,MALE
Gentoo,Dream,58.15029183932492,13.760059376102172,202.58607329476703,3405.9517658582145,FEMALE
Gentoo,Biscoe,36.31716358569221,16.434155520093405,180.85997104820547,4898.808255872766,MALE
Chinstrap,Dream,48.221320380461925,14.214812333961708,215.50859235456764,3710.4595758575074,FEMALE
Adelie,Torgersen,46.01193866932282,17.86734312539709,202.22109332794776,3445.1732823783364,FEMALE
Gentoo,Biscoe,48.91499147445282,18.891505740753036,212.13343897329284,4559.661462405525,FEMALE
Chinstrap,Biscoe,32.59803005507312,19.824928272516296,174.45870113554068,2719.820876977515,FEMALE
Gentoo,Torgersen,56.08340749596417,14.781262051656404,177.00272894670238,2727.590517537212,FEMALE
Gentoo,Torgersen,57.73325276829934,14.506853690976186,214.26307989569824,3488.647712766688,MALE
Adelie,Biscoe,47.64116254870325,13.978369858808962,176.25297582392173,2832.196905002956,MALE
Gentoo,Dream,51.25789765661454,18.44601409616655,176.20414693815025,3088.892714870489,MALE
Adelie,Biscoe,57.468732982375634,19.03439610248997,172.71440003885837,3919.8983376195056,FEMALE
Gentoo,Torgersen,51.54906244361847,13.365323616535392,228.4335824996693,5589.308446487326,FEMALE
Chinstrap,Biscoe,36.29482368014219,20.964182868446997,215.5129932080814,4759.375116129483,FEMALE
Gentoo,Torgersen,47.94792990458736,13.536558782672367,192.84183310162177,4545.603813443099,FEMALE
Adelie,Biscoe,48.78466377552854,17.64688921652899,189.4955992959717,3756.5597635492377,MALE
Adelie,Dream,43.76359346081561,19.056108363387697,192.63249055500512,6054.313389958139,MALE
Chinstrap,Biscoe,52.35221647967988,20.41614063946712,217.70455833968973,4129.25414845389,FEMALE
Gentoo,Biscoe,57.79509290614792,19.098330229912392,211.0208660531545,3013.533960464777,FEMALE
Gentoo,Torgersen,57.55313410493635,19.83451589778625,182.9265385041806,4921.439458024084,FEMALE
Chinstrap,Torgersen,44.498082713613634,15.951381617359573,182.27245078471097,3109.818216515765,MALE
Gentoo,Torgersen,35.21404626062077,19.944530955470704,177.80534333309043,3942.803314086092,MALE
Gentoo,Biscoe,59.18313297146421,13.772964709631273,210.95786046237896,4526.682979384112,MALE
Adelie,Dream,55.16969737726319,20.616459910908432,217.09798707108243,5847.201088866633,FEMALE
Gentoo,Torgersen,35.52822373308984,17.699775959691383,187.63773927117523,4476.767689224427,FEMALE
Gentoo,Torgersen,57.42315177197774,19.965301267684943,173.23575270082387,5228.131557713991,MALE
Chinstrap,Biscoe,56.02214995670853,16.899473589953722,176.8481283811092,6274.1406203966535,FEMALE
Chinstrap,Torgersen,46.36804657096698,18.50605263965081,229.1037420558568,3173.3608316327336,MALE
Adelie,Dream,48.36007448298555,17.52178235186335,189.4312418711678,3689.03349187027,FEMALE
Gentoo,Dream,43.07257435642858,19.245351982744783,217.3841657224499,4120.473872151527,MALE
Gentoo,Torgersen,33.605945067605866,13.785691849056953,208.85515056240155,4218.581442739793,FEMALE
Gentoo,Torgersen,41.31792414526228,13.606957505520736,194.53443873952085,4179.6758709559645,MALE
Adelie,Biscoe,54.17846983644532,15.17566716568523,184.13554846953772,5967.399609203598,MALE
Adelie,Dream,32.22738063262658,14.440175312950782,179.16179867140497,5270.5175200806825,MALE
Chinstrap,Dream,41.271227221506464,20.422981959374493,208.28576511429316,4888.458770726534,MALE
Adelie,Torgersen,43.04963907375094,14.941397493807573,217.70339305762948,3813.741784306016,MALE
Gentoo,Biscoe,46.87837908079288,21.297268148880704,209.9903509589267,5665.645383196661,MALE
Gentoo,Dream,57.39602945135091,15.929924650877297,203.2878258617004,6138.217841345961,FEMALE
Adelie,Dream,41.624514845063935,14.629790491785071,174.47512218246655,5656.313817180815,FEMALE
Gentoo,Biscoe,41.64121305214626,19.733467459996824,229.14083787806865,2705.6343786893026,FEMALE
Gentoo,Biscoe,52.38128432301808,18.63314531420736,219.1241373076199,4991.044932660265,MALE
Adelie,Dream,44.5359933744697,17.284844018206368,189.2765001653569,2884.0873731915626,MALE
Adelie,Dream,38.27663263084951,17.765053827876102,229.8182494321722,3627.385993201399,FEMALE
Gentoo,Biscoe,44.54208669364907,19.141294937487014,207.511013788543,2914.288921251978,MALE
Gentoo,Dream,35.9735680604445,15.019019827182907,206.36293683422755,4873.663630617795,MALE
Gentoo,Torgersen,36.950642128921146,21.469204894876636,216.1363175863424,5171.723688573385,MALE
Chinstrap,Torgersen,45.80511375033569,21.288262562032976,219.8944174973181,3112.1554970372586,MALE
Chinstrap,Biscoe,43.62044986137507,18.56273576531427,210.73223783255867,4081.819978961926,MALE
Chinstrap,Biscoe,57.25826227937275,14.776156587804818,179.5576490356058,4342.451432239952,FEMALE
Adelie,Biscoe,42.06583222570741,18.81391723642285,191.9577828536754,4028.5908783393,FEMALE
Chinstrap,Torgersen,48.0661796326462,13.706466635425077,226.75693477923693,3135.690001746695,FEMALE
Adelie,Dream,49.487267917787086,13.357481018528771,185.2523210987873,4208.212044674911,FEMALE
Adelie,Torgersen,32.46009755617918,15.264536263494197,193.95785440641328,5404.240972110305,FEMALE
Chinstrap,Dream,50.34727773045954,16.986032836610256,197.4925360937076,2955.6275923197195,MALE
Chinstrap,Torgersen,36.995989088918165,20.3934890454304,197.92489439197269,2988.6480506948524,MALE
Chinstrap,Dream,58.52943373041002,19.20822018603699,208.16343536717704,3977.1766506095432,MALE
Gentoo,Torgersen,36.188225013210605,19.33873477807984,227.64147442693772,6090.21256182813,MALE
Chinstrap,Biscoe,43.50216340249315,16.674144009363832,186.20086999811775,5106.861528202491,FEMALE
Gentoo,Torgersen,34.447115872162705,16.005853937394487,179.16858120175417,5143.211844021233,FEMALE
Adelie,Dream,59.51404192576355,16.216725609070664,183.6507589017363,4002.9119670163136,FEMALE
Gentoo,Torgersen,45.910362784109175,21.396256335382887,224.32856911234688,4837.178848350739,MALE
Chinstrap,Torgersen,48.4730879763012,13.436917207864852,210.1028379466572,2736.4722624998763,FEMALE
Adelie,Torgersen,33.944603128181754,20.38306456742857,188.86850056511045,4989.945767074352,MALE
Adelie,Biscoe,52.7239129359774,17.960873432008103,220.1408693991484,5987.8330112744525,FEMALE
Adelie,Torgersen,37.87240381012861,16.78436952119256,222.82082978544275,4905.264486041349,FEMALE
Gentoo,Biscoe,56.79649295961963,19.192164347487147,221.9443459827264,5845.314936478842,MALE
Chinstrap,Biscoe,37.7413401132552,17.188019107967506,226.2166654847337,5306.302999677938,MALE
Adelie,Torgersen,37.34391231825083,20.436755199885948,186.88222019022837,3134.010299053285,FEMALE
Adelie,Torgersen,33.10511586582261,20.66589565769457,216.54747379603043,5948.83190622903,FEMALE
Adelie,Torgersen,45.08184099052498,16.642455785737024,199.17183033917425,2939.197839680789,MALE
Gentoo,Dream,47.63313116472195,15.425353496774433,221.67791462051363,4622.28290117195,FEMALE
Gentoo,Torgersen,33.90698758427969,18.07574276018424,214.9809499525352,3211.693645656448,FEMALE
Chinstrap,Biscoe,53.4270094591128,20.76385210318021,217.81039934348377,2742.143798631255,MALE
Gentoo,Torgersen,44.56544295557076,14.8695623876476,210.71354842318323,4219.323336459501,FEMALE
Adelie,Dream,46.52073240650845,18.332919301933256,182.4682973987127,3762.1465475549626,MALE
Chinstrap,Torgersen,44.22097554080128,18.40510584877717,204.15658821491937,4449.601777671371,FEMALE
Adelie,Dream,43.12098417407147,19.25814938828836,230.095514631946,4777.919592244383,MALE
Adelie,Dream,47.49010911097599,14.20516855506898,227.30589592333,2857.4606603122106,FEMALE
Gentoo,Torgersen,36.36910676309459,19.112929703329545,174.5472504120237,3142.811862445484,MALE
Chinstrap,Biscoe,37.10302358861996,20.735873173591383,181.7240741280368,4711.112627221532,FEMALE
Gentoo,Dream,55.79910457787173,14.609338114510033,179.77199763381915,3935.402471421569,MALE
Gentoo,Torgersen,58.1181752086749,15.095363929360571,214.8328146891324,5325.024555178013,FEMALE
Chinstrap,Torgersen,42.36600619769321,21.259718789949773,220.24933446155976,5048.249934930983,FEMALE
Adelie,Biscoe,39.54547851144773,14.620206402759711,184.59717061232965,5744.1757067636645,FEMALE
Adelie,Dream,49.80998743907293,20.276834784304462,201.8453088841579,5192.974176009211,FEMALE
Chinstrap,Dream,43.34018970519765,17.23513399416349,221.6014786526608,4247.751878604533,FEMALE
Adelie,Torgersen,32.798124780659485,15.176741024986686,215.2352911412088,5122.679840619956,FEMALE
Chinstrap,Torgersen,36.39419642757024,20.41429917068909,203.99199512401904,3691.3722273195062,FEMALE
Chinstrap,Biscoe,51.78923629330343,16.84056414202239,206.8305137370676,3802.7285956015658,FEMALE
Gentoo,Biscoe,50.22040840252916,17.4244657730094,201.9932722680605,5540.346575714856,FEMALE
Chinstrap,Dream,32.8451397938458,16.117560302958033,189.5553586278104,4307.110259045696,MALE
Gentoo,Dream,38.20423445315611,18.08078715205339,205.33629757868195,5574.16922586607,MALE
Adelie,Torgersen,38.454556906171966,14.47360052971419,212.64423282095532,5660.720545205802,FEMALE
Adelie,Dream,50.57705044896503,16.38508490787479,223.52605203578764,5787.224415580622,MALE
Adelie,Biscoe,32.642039788245015,21.243063507616416,209.54118988477563,5999.886849028346,FEMALE
Adelie,Biscoe,34.96298600457578,15.26832083468947,216.90617068554636,4251.546793847867,FEMALE
Gentoo,Torgersen,54.09769234776271,18.616587982146854,181.44422646231985,3847.9205459561,MALE
Adelie,Biscoe,37.009978206494175,15.831596539487435,199.2318909907676,4795.91548773881,FEMALE
Chinstrap,Biscoe,50.05051796592656,19.597174255767445,172.5505655697985,4036.220724375459,FEMALE
Chinstrap,Biscoe,38.65002647878498,14.19933875003414,186.55405300677572,4863.867000480839,MALE
Chinstrap,Biscoe,34.83463830088199,21.246496778659772,214.8612411916673,5240.1091055177685,MALE
Gentoo,Torgersen,38.78723525248499,16.91183214762257,230.51678712961245,5178.258066571692,FEMALE
Adelie,Torgersen,51.962340626030624,15.082823892110298,177.85150787564575,4048.390393272437,MALE
Adelie,Dream,55.63165287292286,13.717372677572106,195.688164635816,3300.69672611551,MALE
Adelie,Biscoe,54.931046275592266,14.525966402735342,219.2041871532504,4249.905618463947,FEMALE
Gentoo,Dream,43.02254706450751,17.466101167870548,184.03810244310503,3213.338918694872,MALE
Chinstrap,Torgersen,50.47234125569277,15.930826682022804,204.7500120088349,5904.34932666171,MALE
Chinstrap,Torgersen,37.737068123935074,20.06262027341392,215.2512064657508,3945.158858656287,FEMALE
Adelie,Torgersen,40.161562582177865,16.71945519875917,208.34314156535052,3256.0550900039657,MALE
Chinstrap,Torgersen,56.7492350093308,15.189199889736091,183.0934593423096,2791.6119356607032,MALE
Chinstrap,Torgersen,32.457552896545245,18.28401788747385,192.96768955245864,5024.960590631343,FEMALE
Gentoo,Torgersen,34.45148459849787,19.036928621837745,218.24371528463843,4992.848342837076,FEMALE
Gentoo,Torgersen,37.81687201651575,14.503152026367978,204.699364333789,3926.17499969265,FEMALE
Gentoo,Biscoe,32.82963560653005,14.508001416821868,172.30854719903186,2958.162799851544,MALE
Gentoo,Dream,37.08947446496943,13.40803998624176,216.89845484165755,4174.664021622835,FEMALE
Adelie,Torgersen,48.13364292666654,19.285776926551375,174.0833699414741,3820.382982228217,FEMALE
Gentoo,Biscoe,43.689175141293696,18.67595803202316,215.99829318114269,5137.634303046034,MALE
Chinstrap,Biscoe,56.64847205461681,17.086899356298435,183.946353049749,4880.805298029685,FEMALE
Adelie,Dream,54.57969794780713,20.19103177134125,228.52633532704343,4012.537421511144,FEMALE
Chinstrap,Torgersen,41.49997717169159,19.867629284780445,193.70850432682295,3484.4131953179644,FEMALE
Chinstrap,Dream,39.23414441936055,18.01697666093272,191.28896536394663,6256.929478160131,FEMALE
Chinstrap,Torgersen,42.54154122459984,20.39347875631137,180.78439496961423,4334.405836306014,MALE
Gentoo,Biscoe,48.333110919157214,14.829066164308854,190.0306487139227,5177.787248808853,FEMALE
Gentoo,Biscoe,39.471750122629096,14.040124802940914,223.72239494786385,3205.990683282099,FEMALE
Adelie,Biscoe,49.26409496585119,15.365896736742712,230.7837259200076,4448.122918773832,MALE
Adelie,Biscoe,43.35882043525911,13.579529591150244,193.73026229990404,2799.132191530076,FEMALE
Gentoo,Dream,47.28129747342946,17.56182403520867,198.468027226318,4519.63842447762,MALE
Chinstrap,Torgersen,44.09347955122121,20.96748781527768,214.6021853539615,6170.462665623729,MALE
Adelie,Torgersen,40.19780838740274,13.43048574161548,224.2855510474394,4083.1441667488807,MALE
Gentoo,Dream,58.18246594145931,14.125723277684225,206.98961571702023,2840.385645269682,FEMALE
Gentoo,Torgersen,53.099159339393424,16.898471837580857,195.10001619249192,2811.440847309637,MALE
Gentoo,Biscoe,35.953112333577444,20.9445501472344,196.3446886100688,4096.75233580873,MALE
Chinstrap,Torgersen,55.98286933719261,15.755711281804704,213.0414706433116,3276.0897712674987,MALE
Gentoo,Biscoe,45.50435795186163,17.360772392982497,172.18987755265243,2784.067546781469,FEMALE
Gentoo,Dream,56.70018623958752,13.449212016023294,208.5557709101306,5422.3690102206365,FEMALE
Gentoo,Torgersen,54.09601953855117,14.346082888081549,192.9740876160401,4350.682831974807,FEMALE
Gentoo,Dream,43.79337137290392,21.387693032854315,218.857642545348,3741.281179101557,FEMALE
Adelie,Torgersen,32.71790597880323,21.206997050062785,177.4864477495648,5940.29945885933,FEMALE
Adelie,Biscoe,39.48862738308602,13.14149583984904,206.70393374995504,3118.100256721892,FEMALE
Gentoo,Dream,46.99494090317384,21.095218997555207,200.3774005032813,6141.3077842391485,FEMALE
Chinstrap,Torgersen,49.520651045219054,18.4686074776502,209.8972060284084,3830.28018255847,MALE
Adelie,Biscoe,39.19191134941306,20.390513673968183,175.82636207449514,5898.253220311252,MALE
Gentoo,Dream,35.93229203700267,16.919814787324416,206.21904345825976,4870.594355326062,MALE
Adelie,Dream,55.06058151198073,17.431006640065704,205.1275906896119,5676.146495069355,MALE
Adelie,Torgersen,59.17105996934768,17.20631127415813,205.07894557055408,6242.447387557671,FEMALE
Chinstrap,Torgersen,46.55648001332386,18.70165976338728,207.60577232919084,3738.259576147485,MALE
Gentoo,Torgersen,36.82118036082835,14.273070539953029,211.91160829635535,6160.087747467334,MALE
Gentoo,Biscoe,39.58845147928265,13.351778154930496,219.4943509811654,4102.134821648713,MALE
Chinstrap,Torgersen,32.60574360505534,15.686611509366005,187.91942248756465,4087.84285705292,MALE
Chinstrap,Dream,57.24321718041372,19.019318406987832,220.6779152006237,3925.393575316221,FEMALE
Gentoo,Dream,35.338154779478884,14.795568997832769,201.39708525354376,4649.067386451306,FEMALE
Gentoo,Torgersen,47.95420307664197,18.756832439929305,176.54643846892554,3254.922155442553,FEMALE
Chinstrap,Torgersen,39.63651856889817,21.24726118730107,175.45450482539476,4693.36134728884,MALE
Adelie,Dream,47.33989506918432,13.888766012631114,191.7200608030676,4650.137324676014,FEMALE
Adelie,Biscoe,50.01406067967626,18.74985779309106,218.30892164957655,5442.846525377532,MALE
Chinstrap,Torgersen,54.91789960194805,16.827501842158398,213.753175149714,5701.139862975308,FEMALE
Adelie,Torgersen,37.77658497341659,20.392394936771044,218.528282915672,4285.588861124727,FEMALE
Chinstrap,Dream,32.40238528810821,14.58805823135804,202.51887433005496,3788.3996976653775,FEMALE
Adelie,Torgersen,35.8643548268922,18.91805799869978,197.97174087937395,3633.60563034154,FEMALE
Adelie,Biscoe,56.85051265082289,20.140168433044124,180.6996990756708,3400.645812137539,FEMALE
Gentoo,Dream,56.13197713296917,21.034759443581795,191.36337246294937,2907.5312959164894,MALE
Gentoo,Torgersen,48.52886030968348,18.839283437633025,197.60714260425863,3932.812723804968,FEMALE
Adelie,Dream,48.61421366192547,17.276268017670787,177.22742535109742,3672.89169167082,MALE
Adelie,Torgersen,50.38850855002202,18.2899168176902,185.01610520996147,6179.102589119067,MALE
Gentoo,Torgersen,36.92271016214487,20.398801869621234,207.2952923497606,4707.751774500158,MALE
Gentoo,Torgersen,57.2463285129364,17.89312187176617,215.4041237401122,3950.197340509827,MALE
Gentoo,Biscoe,43.61618943453201,13.355251301453428,230.90250317218403,4789.6833635773055,MALE
Chinstrap,Biscoe,42.63630952686118,20.91996904225861,227.0536865492699,3201.108124844504,FEMALE
Adelie,Dream,46.37023689527803,18.89202470866511,209.9113467725763,4298.55749712793,FEMALE
Gentoo,Torgersen,33.39156408631401,18.78271244052887,196.85363514435025,4954.44355711583,FEMALE
Adelie,Torgersen,36.67279264079218,14.911671280140824,209.5344645177857,4460.032194452825,FEMALE
Chinstrap,Biscoe,52.39592445172519,18.63463794995432,218.3534454667337,4146.403682355567,MALE
Chinstrap,Torgersen,34.37696336794098,16.40846100749493,178.98183526447986,6277.854200038913,FEMALE
Gentoo,Biscoe,48.68668301032568,18.570357007148534,196.184388492081,5869.133143736137,FEMALE
Chinstrap,Torgersen,38.84710051623632,13.995381454587122,221.5483348525014,4944.261449373984,MALE
Adelie,Dream,42.80562938615436,18.625900558665503,194.6461441640496,4749.758500256217,MALE
Gentoo,Torgersen,40.03907776119425,21.4950752964736,205.740464002404,4934.377727368503,FEMALE
Adelie,Torgersen,41.8809997027861,13.504981126428673,206.67839229086968,3424.72358816076,FEMALE
Adelie,Biscoe,51.87376239256675,21.308263147459066,182.88409893488472,4122.495875751547,MALE
Chinstrap,Torgersen,40.27084717963732,16.518026870072113,193.37189105748504,2842.0543184072376,FEMALE
Chinstrap,Torgersen,47.67612760816468,20.414328982832977,191.736166035774,4411.965734952576,FEMALE
Chinstrap,Biscoe,45.19138606047524,19.6720380660895,173.54560580339182,4654.888502247588,FEMALE
Chinstrap,Dream,50.350957047472825,17.86293659228801,173.42731406958995,3519.899049971554,FEMALE
Chinstrap,Dream,57.862817831430846,19.302973357711146,221.07012557687065,6170.503849795849,MALE
Gentoo,Biscoe,52.245732673281886,20.47953071493132,188.11117778839596,5974.036599374071,MALE
Adelie,Biscoe,38.010860411245815,16.494778701868675,202.5666472080901,5299.715647641261,MALE
Adelie,Biscoe,32.95753621418533,15.847078557131203,189.6248088417376,4620.191863555305,FEMALE
Adelie,Biscoe,39.31226121824519,18.707784438734112,227.5000754618051,5831.888974731666,FEMALE
Adelie,Biscoe,48.46464309425701,19.885905912306573,187.29850877308064,3170.3484377644663,FEMALE
Chinstrap,Dream,33.514209870816885,19.50319513212357,197.3497519515972,5545.835259389586,FEMALE
Adelie,Dream,45.750071798034,19.80163465041253,223.4910847785915,3149.354930280654,FEMALE
Gentoo,Biscoe,48.513178345214456,16.758899844428637,221.6740804407167,5559.15838517786,MALE
Gentoo,Torgersen,41.29170699746642,19.969807415870186,182.9799836529304,3692.763245704885,FEMALE
Adelie,Biscoe,53.3000856030101,14.10975606511311,219.3559552779469,5857.526091665481,FEMALE
Adelie,Torgersen,35.031451961178725,17.673708422871137,199.03302631753567,6098.551537771433,MALE
Gentoo,Biscoe,34.16628899773474,13.14837274818422,200.495163453036,3235.6654898584165,FEMALE
Gentoo,Biscoe,52.125190795599096,15.826520971162273,179.87531837254068,4365.632178235417,MALE
Chinstrap,Dream,45.72601119567046,16.17827689291974,176.75548931167037,6231.554561385667,MALE
Gentoo,Torgersen,51.03106590176274,16.427850609517744,214.94841911145213,4440.266769503328,MALE
Chinstrap,Torgersen,44.05775181160303,18.941924536194843,201.2912079889627,5808.771081052362,MALE
Chinstrap,Dream,38.87605591407544,16.363888050670905,197.7741914542956,4819.433479672752,MALE
Chinstrap,Dream,54.625313736040496,16.86902643002926,215.0409854904914,4051.187668510567,FEMALE
Chinstrap,Dream,54.08393667164693,15.09537069934435,217.16526104047549,3728.820799893133,MALE
Chinstrap,Dream,51.20415294849674,16.235315049686456,181.37558189249185,3431.6031279099143,MALE
Adelie,Torgersen,39.583991273823976,15.009064869010473,208.00328381918084,5442.473488959709,FEMALE
Gentoo,Torgersen,48.3313433388999,13.714845759654926,179.98589085438346,4091.5458245629006,FEMALE
Chinstrap,Biscoe,42.02678216585074,18.16896818440357,216.3311300757137,4540.591663922704,MALE
Gentoo,Biscoe,34.61850701648244,18.712987507862135,210.76035421976124,4472.371728004255,FEMALE
Gentoo,Dream,57.32612332521168,18.30371890648076,228.44026264392403,4778.204505239272,FEMALE
Chinstrap,Dream,35.86251235027144,16.993349967924807,176.06852296502885,5816.077724248388,MALE
Adelie,Dream,58.23152723007207,16.29020055350553,175.366228547924,6230.661636900346,MALE
Chinstrap,Biscoe,44.36515875634379,20.35200265640333,188.6490374068988,4167.3031508657405,FEMALE
Adelie,Biscoe,37.19115554306204,17.46028699514423,187.44063534041845,5679.068119582691,MALE
Gentoo,Biscoe,47.00227605290485,17.12512777208974,186.571749145248,5452.300060756983,MALE
Adelie,Biscoe,56.10601048660123,13.31539335277406,225.46902025074115,4764.704225240064,FEMALE
Adelie,Biscoe,52.23618437626293,15.966481752059714,186.72322579112085,6141.769717002959,MALE
Adelie,Biscoe,54.28043156618987,16.2936431978012,188.04503384158923,3421.70825590225,MALE
Gentoo,Biscoe,50.216542584544726,16.450111359533963,216.80449748265983,3093.3511571146373,MALE
Gentoo,Dream,51.13760552424094,17.97344790150959,198.53465070458185,5774.26308103952,MALE
Adelie,Dream,55.45288041804628,17.582261392505778,217.8259228603557,4280.939339881494,MALE
Adelie,Dream,38.96587024362761,18.20640277946493,175.85660329629872,5749.087875145418,FEMALE
Chinstrap,Dream,45.55918650018637,19.52501939695388,200.76670042672967,5915.124738703494,FEMALE
Adelie,Biscoe,38.18325965003906,19.929080205215183,173.98320241081367,2924.8473370286574,MALE
Chinstrap,Torgersen,59.260870219907794,19.132233840302558,175.69653900386592,5880.473146749819,FEMALE
Adelie,Biscoe,58.06163184138187,21.12639904602145,225.47980974732025,4313.94859932992,MALE
Chinstrap,Torgersen,33.18423731263391,13.253153694481435,180.2154768959381,4537.556960415236,MALE
Gentoo,Dream,51.50331724418143,14.744535079741787,203.4128202542378,4955.733039935557,MALE
Adelie,Biscoe,57.54432872893081,13.163528149816392,196.25464055344167,6034.977384228312,MALE
Adelie,Dream,37.06582199100167,18.538787598898665,192.49325624927167,2768.8179399471505,MALE
Adelie,Biscoe,47.71849384019731,20.64345661117989,225.0901673955491,4416.636485944142,FEMALE
Adelie,Dream,57.27592818367116,15.145251291240914,173.28758040975387,5175.799352750018,FEMALE
Chinstrap,Torgersen,33.03351441110947,20.88709017628897,211.16359148435976,5301.745047713623,MALE
Adelie,Torgersen,51.279057349288095,13.60624607843231,228.84027161859947,5193.116753533588,FEMALE
Gentoo,Torgersen,40.277097702745145,20.94926262516632,205.04992282424868,3183.9664658692386,MALE
Gentoo,Biscoe,57.52089537285458,16.053630572812928,227.27252525995243,3777.8241181380527,FEMALE
Adelie,Torgersen,58.804101742047614,13.951934958973418,175.0832148778754,3991.3758915012486,MALE
Gentoo,Biscoe,58.06732845061944,17.181322777165136,196.70880582537552,5595.973947646218,FEMALE
Adelie,Torgersen,45.140890958080256,15.256923168852266,187.34930966676103,3703.535540692391,MALE
Adelie,Torgersen,55.80617290220612,15.492932376480152,215.11843693386305,3458.537869921932,MALE
Gentoo,Biscoe,55.32510845971444,15.681235705380807,229.89652833933755,6146.812868537147,FEMALE
Adelie,Biscoe,40.87526301418953,19.84541754179437,187.13527368421063,2731.907826408488,FEMALE
Gentoo,Torgersen,54.89517553914363,17.628954724072138,210.5963014869704,6292.155080455122,MALE
Chinstrap,Biscoe,33.11770995467605,15.71498467291043,183.68776033282467,5136.556675886624,FEMALE
Adelie,Torgersen,48.49742165825646,18.226803779811718,205.354485019725,5682.4894780168215,MALE
Chinstrap,Biscoe,38.42524302541184,19.115665663474825,199.37201671461185,3760.629826846295,FEMALE
Gentoo,Dream,35.41558935887517,15.390041606161684,229.34831444826068,2751.534999601416,FEMALE
Chinstrap,Dream,34.216213044803254,16.573812452812952,207.90310908909152,5356.330266821508,MALE
Chinstrap,Dream,51.24794133664884,14.12384318403036,192.62087595312232,5702.920549202433,FEMALE
Gentoo,Dream,41.44656150362182,14.621654536091317,178.73165130838808,5365.714075032669,FEMALE
Chinstrap,Dream,52.03108621704094,18.821389973305852,180.92356289536116,3214.261034283019,MALE
Chinstrap,Torgersen,33.89729937197092,14.624082120643266,185.29369886712288,5412.340520125089,FEMALE
Gentoo,Dream,40.77048429034178,17.511372422803305,186.8070330190776,5468.122015587507,MALE
Chinstrap,Dream,46.936010540321774,19.055988598468435,222.18634741262716,5070.745856412197,MALE
Gentoo,Dream,53.8448870330715,13.997766153995848,205.11214450866896,5458.01735806411,MALE
Chinstrap,Dream,40.865693830631926,17.86542264488279,202.88006377108763,5745.317182839835,MALE
Gentoo,Biscoe,49.31201285201775,15.255127383091455,178.77136344028384,4908.9748112548505,MALE
Gentoo,Torgersen,56.46438807649515,21.18858575199567,222.74824190761663,3018.9769702908447,FEMALE
Chinstrap,Dream,49.03623767501338,17.16178343244737,214.64604388930053,4455.460114801959,MALE
Chinstrap,Dream,38.50638555572493,19.87033741811133,175.99243335210008,2979.537604817778,MALE
Chinstrap,Dream,32.7710214928048,17.7219029541126,213.7622707365564,4167.154911716751,FEMALE
Adelie,Torgersen,56.02771903227557,13.46466527598048,204.06875482321607,4165.583360852259,FEMALE
Adelie,Biscoe,32.68490879838565,18.418471554989782,176.8217953990599,2937.6354389048697,FEMALE
Adelie,Torgersen,56.154295998815485,21.09178807453592,199.03973785019076,3955.7539222901255,MALE
Gentoo,Biscoe,46.64577118574833,18.153539289229183,200.5970809406728,3099.593155648733,MALE
Chinstrap,Dream,57.924361709104645,19.98118641918504,181.7806978696333,5609.6467560332,MALE
Gentoo,Dream,54.0665389837758,20.527334292126625,227.79619067301667,6111.676893472095,FEMALE
Adelie,Torgersen,59.54318803966678,15.015870084371032,222.14854691735903,2960.339310928579,MALE
Chinstrap,Torgersen,41.744574924922034,14.881176655229105,211.4723179024174,6138.414746250125,FEMALE
Gentoo,Biscoe,53.19767794560599,18.23224030634833,199.27543809903585,4581.275757612282,MALE
Chinstrap,Biscoe,43.15310012425416,16.55263914637632,196.294166953486,3778.436440633946,FEMALE
Gentoo,Torgersen,45.29657955835749,20.15483494408045,210.40743456190629,2976.7034709941886,MALE
Chinstrap,Biscoe,49.35640023850517,20.66019423654329,204.1804802950074,4502.247365053504,MALE
Adelie,Torgersen,56.12612064012431,16.068739586142833,175.67411324703124,5560.255960166695,MALE
Adelie,Biscoe,59.16229540298062,15.08971269538565,202.2376562774496,5245.511318160114,FEMALE
Chinstrap,Torgersen,53.22751888127425,19.65641432804844,219.5778134167375,2880.8136412703057,FEMALE
Gentoo,Torgersen,43.58858650960168,15.408370698604344,199.09515277822047,2962.4466073244525,MALE
Adelie,Torgersen,43.68731756261944,20.0099602755149,175.06543807570185,4150.343817477494,MALE
Adelie,Biscoe,52.38351329369452,16.659401330649608,218.390413763658,3763.045778572596,MALE
Adelie,Biscoe,38.66637150862832,18.707419154048356,183.8804631460225,3536.5835630017723,FEMALE
Chinstrap,Biscoe,35.13803811111335,13.902496636211213,187.25862925839428,3711.616196071369,MALE
Chinstrap,Torgersen,41.85210933512136,18.340418327283214,181.71767485250547,5592.537875868785,MALE
Gentoo,Biscoe,39.99907227048725,16.894848501392723,191.48268882741837,6045.220993074674,MALE
Gentoo,Biscoe,40.24847331253973,18.027511090673983,216.64833883562943,4158.369700299239,MALE
Gentoo,Torgersen,38.52421315387252,14.511319345056853,202.6437657107323,5961.999607676989,FEMALE
Chinstrap,Dream,33.25756271499996,19.28973945753113,184.08799517489203,3857.384524492375,FEMALE
Chinstrap,Torgersen,32.59153320516888,20.34749545136312,223.7919746109704,4415.17315083765,MALE
Gentoo,Biscoe,59.26236571774087,14.920614320762516,223.89532944214025,3513.704392137599,MALE
Gentoo,Torgersen,43.863761177736215,13.90400226636936,223.3641270777144,5005.713751833038,FEMALE
Chinstrap,Dream,42.66898279689125,13.298564122789225,186.0889764715108,6224.332014629312,FEMALE
Gentoo,Torgersen,50.79030027405942,18.492560603723437,198.62312130667829,4872.575145756164,MALE
Adelie,Biscoe,38.10198191628927,18.19958990314576,230.11438971231163,3988.130702808776,FEMALE
Chinstrap,Dream,58.2239325586312,17.692258266798188,217.54873610228944,5032.142805565902,FEMALE
Gentoo,Biscoe,53.72448789642768,15.048355607374193,173.60287785230804,3142.5144424753958,MALE
Chinstrap,Dream,34.558802563587136,16.383610365606323,175.84707088436903,5899.172688955436,FEMALE
Adelie,Dream,43.58347133408553,18.09360121556385,199.3719512319276,4511.102222807411,FEMALE
Chinstrap,Torgersen,56.27575345795953,17.272841614417022,225.64399214583204,4317.659071342711,MALE
Chinstrap,Torgersen,58.080130613013786,21.397398369805053,203.78340607921007,4809.113238432669,MALE
Chinstrap,Biscoe,44.953541559371416,14.246093921476556,201.37093797402312,4949.221906041848,FEMALE
Chinstrap,Torgersen,48.96881320329446,18.939214253999783,178.2229482974412,2958.3929024154468,MALE
Adelie,Torgersen,36.69343351753207,16.496277652076053,210.75002617873332,5157.421996404249,FEMALE
Chinstrap,Dream,59.35713721876685,16.696876765375166,220.5040864754133,3570.954049135906,MALE
Chinstrap,Torgersen,38.47097178804469,19.12782123152868,194.44478044294615,5270.229477023723,FEMALE
Gentoo,Dream,58.02512378871596,18.916463671124703,217.76109920459436,5661.125259783108,MALE
Chinstrap,Dream,49.96528284729013,21.42655034709838,228.90412258014788,5594.2506271890725,FEMALE
Gentoo,Dream,48.81276185916863,14.178512031414652,184.02222108853368,4689.0034826684005,FEMALE
Adelie,Biscoe,46.19893405295399,13.974521054826996,202.8764482404897,4572.611612318704,FEMALE
Adelie,Biscoe,38.44341982223837,19.184446063881424,188.94113952699,3214.3534608218824,MALE
Adelie,Biscoe,36.95452088015148,17.95845010285384,218.7784107229965,5491.246141451288,MALE
Adelie,Dream,38.16337074942982,15.402949599102367,206.0780085869883,3677.073769608172,FEMALE
Gentoo,Biscoe,37.227052208967,13.767122699507487,209.44036263546792,4488.103522144607,FEMALE
Chinstrap,Biscoe,53.53857302308572,13.819529296610016,219.07693541733772,3723.38673453906,MALE
Adelie,Torgersen,41.72844462708508,20.611203347178595,195.36225788708484,3181.7821067988957,MALE
Chinstrap,Biscoe,33.6906736054934,14.71168552763744,225.99031403601555,4966.407708810251,MALE
Gentoo,Biscoe,58.75032232887232,15.816321121770374,203.44870316752227,2895.595325362454,MALE
Gentoo,Dream,56.40411183649421,15.0039137787067,181.31933454728556,5395.12284285432,MALE
Gentoo,Dream,57.61318778786836,16.081968968988274,213.05804797195933,3843.31246294002,MALE
Adelie,Dream,59.45996512277697,13.683160279067184,218.802419675857,2700.484894816147,FEMALE
Chinstrap,Dream,36.8821193535359,17.46010224362947,190.68893894698408,4540.064901254027,MALE
Chinstrap,Dream,42.99665551982312,13.667945534174605,222.57357616292643,2868.6668706993714,FEMALE
Chinstrap,Dream,52.95155808186252,19.82299466570784,225.46245203118025,3694.210408155238,MALE
Gentoo,Biscoe,51.24056699647929,15.063181488047636,188.33736475529076,5245.115354840578,MALE
Adelie,Dream,36.332137424346016,17.63610008267789,230.0277668901981,2925.6826378387173,FEMALE
Gentoo,Dream,54.53541093724199,20.49266433551625,180.3019801548768,5721.618572481608,FEMALE
Gentoo,Torgersen,38.27211572550817,18.567369899996432,183.9189244357469,2713.751721570899,MALE
Chinstrap,Biscoe,38.25498440762214,17.576845407031215,182.86926551504357,3588.565929126848,FEMALE
Gentoo,Biscoe,46.86679662956888,15.824403526169156,224.7453928904644,5367.254602147457,FEMALE
Chinstrap,Biscoe,48.40584820814684,15.897216069688865,210.60326058717277,3838.5725390255047,FEMALE
Adelie,Dream,48.05237071553981,18.7236904236648,180.9741527101141,3066.8125970376486,FEMALE
Chinstrap,Dream,34.61588802843826,21.450770634257808,197.9790816837326,3996.84210768154,MALE
Adelie,Dream,56.230173722335465,18.65944919473478,208.3025834791183,3673.415830984292,FEMALE
Chinstrap,Torgersen,39.40400117118942,17.78538070590821,176.9243810143736,5733.762847777998,MALE
Gentoo,Dream,35.66166033527712,19.23746428600967,224.06256573603295,3828.052503306515,MALE
Gentoo,Torgersen,56.54057219639687,17.00772714318323,219.41260859105057,5540.156898393626,MALE
Adelie,Biscoe,58.38041620131822,13.605195677846597,201.80719964102167,5910.739721318645,MALE
Adelie,Dream,55.80850947479989,17.82329325337444,229.06047030029103,4261.742710475506,FEMALE
Adelie,Torgersen,54.36169205493415,21.144052389845196,196.64789777723087,5975.795317875811,FEMALE
Chinstrap,Torgersen,50.1191544675731,14.57254471580434,230.06250882315337,4058.3449942674943,MALE
Chinstrap,Dream,47.248577691751336,18.896041082893596,211.407279929414,6170.682299364389,MALE
Adelie,Biscoe,34.49213589756378,14.787842984736074,209.4456051219825,3021.4422882920626,MALE
Gentoo,Biscoe,43.33246335944422,17.600952549573883,181.7913388224513,5173.269359411674,MALE
Chinstrap,Biscoe,42.34893421783863,13.912082177032444,224.033737739974,4477.730545644943,FEMALE
Chinstrap,Torgersen,39.243229053408974,16.883115864568754,197.2218915873163,4095.535699640329,MALE
Chinstrap,Torgersen,51.994053126436086,19.451771962720063,181.57177094116628,4977.762763494963,FEMALE
Adelie,Torgersen,45.7365827146662,16.01960080360745,172.7438436785698,5233.885529883592,MALE
Adelie,Torgersen,34.32877093746032,18.685258485692632,205.02558533466456,2715.7077707411127,MALE
Adelie,Biscoe,38.15503805361981,19.781779670633725,203.11657770523792,3301.0311194899155,MALE
Adelie,Dream,50.88961600063889,20.888293683627403,214.4418637197804,5266.965782283547,MALE
Adelie,Torgersen,34.19359863598326,15.07099348758581,224.52522512805032,5098.987488881543,FEMALE
Gentoo,Torgersen,55.50819013634114,16.45425369279819,176.68498849393873,6177.771018463238,FEMALE
Gentoo,Biscoe,45.71652949288429,14.380294511975508,215.1582929300814,5439.736044902818,FEMALE
Adelie,Dream,45.31613087648282,21.436861418130352,183.05730470175732,6122.781747832817,MALE
Chinstrap,Dream,48.391214078136734,20.88680813056408,222.63244613627268,5229.145805525305,MALE
Adelie,Biscoe,54.7787265629416,17.6356398943567,220.3247473178377,3772.9879511019953,FEMALE
Gentoo,Biscoe,41.66475321731031,20.17307967276194,203.9068315441471,3079.313720103083,FEMALE
Gentoo,Dream,50.74544419537425,17.476047009085153,213.90432511877535,5514.565908041768,MALE
Chinstrap,Torgersen,47.65762900988425,18.33811977922318,190.5466566778412,5018.9371973132975,MALE
Gentoo,Dream,39.44327742965909,13.84864522977454,199.7989060370361,2873.4696446158664,FEMALE
Adelie,Biscoe,56.26232462476685,19.444271532173182,220.47657696491785,3996.181677243522,MALE
Chinstrap,Torgersen,54.029215594190525,14.172793262535972,199.0966466332196,6144.47933574343,MALE
Adelie,Torgersen,50.2074254531067,20.03896809412124,193.11009765420107,4501.444124556724,FEMALE
Adelie,Biscoe,55.49099755009165,19.669035936431243,201.1585343877677,4257.8248896709365,MALE
Chinstrap,Biscoe,55.95059052639456,19.053455461041004,220.86670589379588,4347.718578573458,FEMALE
Adelie,Biscoe,51.57998185966346,13.403747196408002,191.7772747948815,3451.9778064185894,MALE
Gentoo,Dream,55.11786653000098,15.64627818994076,182.25193399500887,4027.345815113263,FEMALE
Adelie,Dream,51.2804651959053,15.31014558725108,214.00882719951608,4031.327721553836,MALE
Chinstrap,Torgersen,50.803871223408265,16.12514582276076,220.73271454977683,2888.4780726749004,FEMALE
Chinstrap,Biscoe,49.11181290091757,13.836199072816244,177.93761123288846,5463.243462664506,FEMALE
Chinstrap,Torgersen,52.79970758783514,20.97044571346093,186.15257265260072,4199.415954853965,FEMALE
Adelie,Torgersen,36.46164039555953,17.751938821983963,180.37634739589865,5659.847592539124,FEMALE
Chinstrap,Torgersen,56.32394587797053,15.666404209527398,192.52854328334783,5761.252804031623,MALE
Chinstrap,Torgersen,56.075697012993885,16.43464474342398,198.5707077554193,3463.178596915169,MALE
Adelie,Biscoe,32.904300283450375,16.85650134024062,216.18075388083508,5066.472535812463,FEMALE
Gentoo,Torgersen,54.809960640530974,18.144992400229185,210.4177075080188,4400.214494986734,MALE
Adelie,Biscoe,35.643921355519744,17.43170719265058,208.63478548122745,5868.564256517346,MALE
Chinstrap,Biscoe,41.3157684921264,20.822892575001102,192.7901218499696,3476.6664450352346,MALE
Chinstrap,Dream,52.54647704801921,17.274493256408974,221.64540563200083,5140.127521116159,MALE
Adelie,Biscoe,36.52089714132848,21.434127324515828,199.8059428764917,4887.907640109801,MALE
Gentoo,Dream,54.59409316327421,20.251969645058804,229.7671913428941,3763.0853192585982,FEMALE
Chinstrap,Biscoe,54.98368989383791,14.85148832060162,209.41438615944847,3191.7632531442214,FEMALE
Chinstrap,Biscoe,46.055362678423,20.916999803008892,179.4496197523057,5045.903137718196,FEMALE
Chinstrap,Biscoe,32.27561147221292,14.077477742238,211.89447616245064,5358.950849276391,FEMALE
Adelie,Dream,39.9935486623101,19.966577551326008,191.18113691047023,3836.25843754806,MALE
Chinstrap,Dream,49.06549025533291,16.297235665203274,212.49330460447976,5021.39737448033,MALE
Gentoo,Torgersen,59.08261989575415,20.474984291738583,176.10882774158193,4122.471267401412,FEMALE
